{
  "analysis_date": "2025-11-20",
  "training_size": 146,
  "test_size": 24,
  "ml_confidence": {
    "top_8": [
      8,
      6,
      2,
      5,
      1,
      3,
      4,
      9
    ],
    "top_10": [
      8,
      6,
      2,
      5,
      1,
      3,
      4,
      9,
      10,
      12
    ],
    "top_12": [
      8,
      6,
      2,
      5,
      1,
      3,
      4,
      9,
      10,
      12,
      11,
      13
    ],
    "scores": {
      "1": 0.9536183876964678,
      "2": 0.9644921412878148,
      "3": 0.9516511745817137,
      "4": 0.9418151090079432,
      "5": 0.9569950988676694,
      "6": 0.9682406624978874,
      "7": 0.5330201115430117,
      "8": 0.9868852459016393,
      "9": 0.8524860571235423,
      "10": 0.8237113402061855,
      "11": 0.6942065235761365,
      "12": 0.7097583234747338,
      "13": 0.6795741085009295,
      "14": 0.5428460368429948,
      "15": 0.5632820686158526,
      "16": 0.5205408146019942,
      "17": 0.5816427243535576,
      "18": 0.6108872739563969,
      "19": 0.602724353557546,
      "20": 0.6292479296941018,
      "21": 0.5673043772181849,
      "22": 0.6673009971269224,
      "23": 0.5820145343924286,
      "24": 0.5896974818320095,
      "25": 0.5681460199425384
    }
  },
  "mandel_stats": {
    "total": 4457400,
    "excluded": 1022,
    "remaining": 4456378,
    "reduction_pct": 0.02292816440077175
  },
  "recommended_strategy": "Weighted Mandel Pool Generation",
  "strategy_params": {
    "top_tier_boost": 2.0,
    "middle_tier_weight": 1.0,
    "bottom_tier_weight": 0.5,
    "mandel_exclusion": true
  }
}