{
  "segment": {
    "segment": 4,
    "start_idx": 2674440,
    "end_idx": 3565920,
    "combinations_scored": 891480,
    "best_combination": [
      2,
      3,
      6,
      8,
      9,
      10,
      13,
      19,
      20,
      21,
      22,
      23,
      24,
      25
    ],
    "best_score": 355825.39285714366,
    "time_seconds": 125.6796486377716,
    "rate": 7093.27253586923
  },
  "overall_best_so_far": {
    "combination": [
      1,
      2,
      3,
      8,
      9,
      10,
      13,
      19,
      20,
      21,
      22,
      23,
      24,
      25
    ],
    "score": 357581.1428571437,
    "found_in_segment": 1
  }
}