{
  "segment": {
    "segment": 3,
    "start_idx": 1782960,
    "end_idx": 2674440,
    "combinations_scored": 891480,
    "best_combination": [
      1,
      3,
      6,
      8,
      9,
      10,
      13,
      19,
      20,
      21,
      22,
      23,
      24,
      25
    ],
    "best_score": 357398.89285714366,
    "time_seconds": 125.60651326179504,
    "rate": 7097.402649350955
  },
  "overall_best_so_far": {
    "combination": [
      1,
      2,
      3,
      8,
      9,
      10,
      13,
      19,
      20,
      21,
      22,
      23,
      24,
      25
    ],
    "score": 357581.1428571437,
    "found_in_segment": 1
  }
}