{
  "segment": {
    "segment": 1,
    "start_idx": 0,
    "end_idx": 891480,
    "combinations_scored": 891480,
    "best_combination": [
      1,
      2,
      3,
      8,
      9,
      10,
      13,
      19,
      20,
      21,
      22,
      23,
      24,
      25
    ],
    "best_score": 357581.1428571437,
    "time_seconds": 126.97170853614807,
    "rate": 7021.091629606615
  },
  "overall_best_so_far": {
    "combination": [
      1,
      2,
      3,
      8,
      9,
      10,
      13,
      19,
      20,
      21,
      22,
      23,
      24,
      25
    ],
    "score": 357581.1428571437,
    "found_in_segment": 1
  }
}