{
  "segment": {
    "segment": 2,
    "start_idx": 891480,
    "end_idx": 1782960,
    "combinations_scored": 891480,
    "best_combination": [
      1,
      2,
      5,
      8,
      9,
      10,
      13,
      19,
      20,
      21,
      22,
      23,
      24,
      25
    ],
    "best_score": 357185.0928571436,
    "time_seconds": 128.04148149490356,
    "rate": 6962.431155839786
  },
  "overall_best_so_far": {
    "combination": [
      1,
      2,
      3,
      8,
      9,
      10,
      13,
      19,
      20,
      21,
      22,
      23,
      24,
      25
    ],
    "score": 357581.1428571437,
    "found_in_segment": 1
  }
}