{
  "test_name": "Series 3147 Improvement Testing",
  "baseline": {
    "lookback": 16,
    "boost": 25.0,
    "best_match": 0.6428571428571429,
    "avg_match": 0.5612244897959183,
    "cold_hot_count": 12,
    "cold_numbers": [
      3,
      10,
      14,
      15,
      19,
      22,
      23
    ],
    "hot_numbers": [
      1,
      2,
      5,
      6,
      16,
      21,
      25
    ],
    "prediction": [
      1,
      2,
      3,
      5,
      6,
      9,
      10,
      13,
      15,
      19,
      21,
      22,
      23,
      25
    ],
    "critical_caught": "7/10",
    "has_07": false,
    "has_18": false,
    "label": "Baseline"
  },
  "all_results": [
    {
      "lookback": 8,
      "boost": 25.0,
      "best_match": 0.7142857142857143,
      "avg_match": 0.5612244897959183,
      "cold_hot_count": 12,
      "cold_numbers": [
        3,
        5,
        15,
        19,
        20,
        22,
        23
      ],
      "hot_numbers": [
        1,
        2,
        9,
        14,
        16,
        18,
        21
      ],
      "prediction": [
        1,
        2,
        3,
        5,
        6,
        9,
        10,
        14,
        16,
        19,
        20,
        21,
        22,
        23
      ],
      "critical_caught": "6/10",
      "has_07": false,
      "has_18": false,
      "label": "8-series lookback"
    },
    {
      "lookback": 20,
      "boost": 25.0,
      "best_match": 0.7142857142857143,
      "avg_match": 0.5816326530612244,
      "cold_hot_count": 12,
      "cold_numbers": [
        3,
        10,
        14,
        15,
        19,
        20,
        22
      ],
      "hot_numbers": [
        1,
        2,
        5,
        6,
        11,
        16,
        21
      ],
      "prediction": [
        1,
        2,
        3,
        5,
        6,
        8,
        10,
        14,
        16,
        19,
        20,
        21,
        22,
        23
      ],
      "critical_caught": "6/10",
      "has_07": false,
      "has_18": false,
      "label": "20-series lookback"
    },
    {
      "lookback": 8,
      "boost": 15.0,
      "best_match": 0.7142857142857143,
      "avg_match": 0.5204081632653061,
      "cold_hot_count": 10,
      "cold_numbers": [
        3,
        5,
        15,
        19,
        20,
        22,
        23
      ],
      "hot_numbers": [
        1,
        2,
        9,
        14,
        16,
        18,
        21
      ],
      "prediction": [
        1,
        2,
        3,
        5,
        8,
        9,
        13,
        15,
        19,
        20,
        22,
        23,
        24,
        25
      ],
      "critical_caught": "5/10",
      "has_07": false,
      "has_18": false,
      "label": "8-series + 15x boost"
    },
    {
      "lookback": 8,
      "boost": 30.0,
      "best_match": 0.7142857142857143,
      "avg_match": 0.5612244897959183,
      "cold_hot_count": 12,
      "cold_numbers": [
        3,
        5,
        15,
        19,
        20,
        22,
        23
      ],
      "hot_numbers": [
        1,
        2,
        9,
        14,
        16,
        18,
        21
      ],
      "prediction": [
        1,
        2,
        3,
        5,
        9,
        10,
        13,
        14,
        16,
        19,
        20,
        21,
        22,
        23
      ],
      "critical_caught": "6/10",
      "has_07": false,
      "has_18": false,
      "label": "8-series + 30x boost"
    },
    {
      "lookback": 12,
      "boost": 30.0,
      "best_match": 0.7142857142857143,
      "avg_match": 0.6020408163265306,
      "cold_hot_count": 12,
      "cold_numbers": [
        3,
        8,
        15,
        19,
        22,
        23,
        25
      ],
      "hot_numbers": [
        1,
        2,
        6,
        11,
        16,
        18,
        21
      ],
      "prediction": [
        1,
        2,
        3,
        6,
        9,
        10,
        11,
        16,
        18,
        19,
        21,
        22,
        23,
        25
      ],
      "critical_caught": "8/10",
      "has_07": false,
      "has_18": true,
      "label": "12-series + 30x boost"
    },
    {
      "lookback": 16,
      "boost": 25.0,
      "best_match": 0.6428571428571429,
      "avg_match": 0.5612244897959183,
      "cold_hot_count": 12,
      "cold_numbers": [
        3,
        10,
        14,
        15,
        19,
        22,
        23
      ],
      "hot_numbers": [
        1,
        2,
        5,
        6,
        16,
        21,
        25
      ],
      "prediction": [
        1,
        2,
        3,
        5,
        6,
        9,
        10,
        13,
        15,
        19,
        21,
        22,
        23,
        25
      ],
      "critical_caught": "7/10",
      "has_07": false,
      "has_18": false,
      "label": "Baseline"
    },
    {
      "lookback": 12,
      "boost": 25.0,
      "best_match": 0.6428571428571429,
      "avg_match": 0.5816326530612245,
      "cold_hot_count": 11,
      "cold_numbers": [
        3,
        8,
        15,
        19,
        22,
        23,
        25
      ],
      "hot_numbers": [
        1,
        2,
        6,
        11,
        16,
        18,
        21
      ],
      "prediction": [
        1,
        2,
        3,
        6,
        8,
        10,
        11,
        13,
        18,
        20,
        21,
        22,
        23,
        25
      ],
      "critical_caught": "7/10",
      "has_07": false,
      "has_18": true,
      "label": "12-series lookback"
    },
    {
      "lookback": 24,
      "boost": 25.0,
      "best_match": 0.6428571428571429,
      "avg_match": 0.5510204081632653,
      "cold_hot_count": 11,
      "cold_numbers": [
        4,
        7,
        13,
        14,
        15,
        19,
        22
      ],
      "hot_numbers": [
        1,
        2,
        5,
        9,
        11,
        16,
        21
      ],
      "prediction": [
        1,
        2,
        4,
        5,
        9,
        13,
        14,
        15,
        19,
        20,
        21,
        22,
        23,
        25
      ],
      "critical_caught": "6/10",
      "has_07": false,
      "has_18": false,
      "label": "24-series lookback"
    },
    {
      "lookback": 8,
      "boost": 20.0,
      "best_match": 0.6428571428571429,
      "avg_match": 0.5816326530612245,
      "cold_hot_count": 11,
      "cold_numbers": [
        3,
        5,
        15,
        19,
        20,
        22,
        23
      ],
      "hot_numbers": [
        1,
        2,
        9,
        14,
        16,
        18,
        21
      ],
      "prediction": [
        1,
        2,
        3,
        5,
        9,
        10,
        12,
        13,
        16,
        18,
        20,
        21,
        22,
        23
      ],
      "critical_caught": "7/10",
      "has_07": false,
      "has_18": true,
      "label": "8-series + 20x boost"
    },
    {
      "lookback": 12,
      "boost": 20.0,
      "best_match": 0.6428571428571429,
      "avg_match": 0.5918367346938777,
      "cold_hot_count": 12,
      "cold_numbers": [
        3,
        8,
        15,
        19,
        22,
        23,
        25
      ],
      "hot_numbers": [
        1,
        2,
        6,
        11,
        16,
        18,
        21
      ],
      "prediction": [
        1,
        2,
        3,
        6,
        8,
        9,
        10,
        15,
        18,
        19,
        21,
        22,
        23,
        25
      ],
      "critical_caught": "8/10",
      "has_07": false,
      "has_18": true,
      "label": "12-series + 20x boost"
    }
  ],
  "best": {
    "lookback": 8,
    "boost": 25.0,
    "best_match": 0.7142857142857143,
    "avg_match": 0.5612244897959183,
    "cold_hot_count": 12,
    "cold_numbers": [
      3,
      5,
      15,
      19,
      20,
      22,
      23
    ],
    "hot_numbers": [
      1,
      2,
      9,
      14,
      16,
      18,
      21
    ],