{
  "series_id": 3151,
  "improvements": {
    "priority": 1,
    "changes": [
      "Global frequency: 25% \u2192 35%",
      "Recent frequency: 35% \u2192 30%",
      "Distribution: 10% \u2192 5%",
      "Top-14 boost: 2x multiplier",
      "Distribution constraints: REMOVED"
    ],
    "expected_gain": "+1-2 numbers (11/14 \u2192 12-13/14)"
  },
  "top_14_frequency_set": [
    1,
    2,
    6,
    8,
    9,
    10,
    12,
    13,
    19,
    20,
    21,
    23,
    24,
    25
  ],
  "predictions": [
    {
      "rank": 1,
      "strategy": "Pure Top-14 Frequency",
      "numbers": [
        1,
        2,
        6,
        8,
        9,
        10,
        12,
        13,
        19,
        20,
        21,
        23,
        24,
        25
      ],
      "composite_score": 567.9272527472527,
      "scores_breakdown": {
        "composite": 567.9272527472527,
        "global": 686.4285714285714,
        "recent": 18.714285714285715,
        "pattern": 0.7142857142857143,
        "distribution": 0.8,
        "pair_affinity": 379.16483516483515,
        "top_14_boost": 2.0,
        "top_14_count": 14
      }
    },
    {
      "rank": 2,
      "strategy": "Best from Top-16",
      "numbers": [
        1,
        2,
        6,
        8,
        9,
        10,
        12,
        13,
        19,
        20,
        21,
        23,
        24,
        25
      ],
      "composite_score": 567.9272527472527,
      "scores_breakdown": {
        "composite": 567.9272527472527,
        "global": 686.4285714285714,
        "recent": 18.714285714285715,
        "pattern": 0.7142857142857143,
        "distribution": 0.8,
        "pair_affinity": 379.16483516483515,
        "top_14_boost": 2.0,
        "top_14_count": 14
      }
    },
    {
      "rank": 3,
      "strategy": "Recent + Global Blend",
      "numbers": [
        1,
        3,
        6,
        8,
        9,
        10,
        12,
        13,
        19,
        20,
        21,
        22,
        23,
        24
      ],
      "composite_score": 527.1630612244898,
      "scores_breakdown": {
        "composite": 527.1630612244898,
        "global": 685.8571428571429,
        "recent": 19.285714285714285,
        "pattern": 0.7142857142857143,
        "distribution": 0.8,
        "pair_affinity": 378.38461538461536,
        "top_14_boost": 1.8571428571428572,
        "top_14_count": 12
      }
    }
  ],
  "recommendation": [
    1,
    2,
    6,
    8,
    9,
    10,
    12,
    13,
    19,
    20,
    21,
    23,
    24,
    25
  ]
}