{
  "analysis_date": "2025-11-19 03:16:42",
  "analysis": {
    "total_series": 169,
    "total_events": 1183,
    "unique_combinations": 1183,
    "repeating_combinations": 0,
    "repetition_details": {}
  },
  "reduction": {
    "total_possible": 4457400,
    "used": 1183,
    "remaining": 4456217,
    "reduction_percent": 0.026540135505002917,
    "improvement_factor": 1.0002654718116286
  },
  "conclusion": {
    "can_eliminate_previous": true,
    "elimination_count": 1183,
    "reduction_percent": 0.026540135505002917,
    "improvement_factor": 1.0002654718116286
  }
}