{
  "analysis_date": "2025-11-19 02:47:49",
  "analysis": {
    "total_series": 171,
    "total_events": 1197,
    "unique_combinations": 1196,
    "repeating_combinations": 1,
    "repetition_details": {
      "(2, 3, 5, 9, 10, 14, 16, 17, 18, 19, 20, 22, 23, 24)": {
        "count": 2,
        "appearances": [
          [
            "3073",
            2
          ],
          [
            "3074",
            2
          ]
        ]
      }
    }
  },
  "reduction": {
    "total_possible": 4457400,
    "used": 1196,
    "remaining": 4456204,
    "reduction_percent": 0.026831785345717236,
    "improvement_factor": 1.0002683898672502
  },
  "conclusion": {
    "can_eliminate_previous": false,
    "elimination_count": 1196,
    "reduction_percent": 0.026831785345717236,
    "improvement_factor": 1.0002683898672502
  }
}