{
  "analysis_date": "2025-11-19 02:51:00",
  "analysis": {
    "total_series": 171,
    "total_events": 1197,
    "unique_combinations": 1197,
    "repeating_combinations": 0,
    "repetition_details": {}
  },
  "reduction": {
    "total_possible": 4457400,
    "used": 1197,
    "remaining": 4456203,
    "reduction_percent": 0.026854219948849102,
    "improvement_factor": 1.0002686143337725
  },
  "conclusion": {
    "can_eliminate_previous": true,
    "elimination_count": 1197,
    "reduction_percent": 0.026854219948849102,
    "improvement_factor": 1.0002686143337725
  }
}