{
  "test_date": "2025-11-20 20:26:20",
  "series_id": 3151,
  "method": "ML Pool Reduction + Exhaustive Search",
  "result": {
    "series_id": 3151,
    "tries": 359112,
    "total_combinations": 1961256,
    "time_seconds": 2.737913,
    "rate": 131162.6775576872,
    "combination": [
      1,
      2,
      4,
      5,
      6,
      8,
      9,
      11,
      13,
      14,
      15,
      20,
      21,
      25
    ],
    "pool_size": 24,
    "found": true
  }
}