{
  "test_date": "2025-11-20 20:52:53",
  "series_id": 3151,
  "method": "ML-Ranked Exhaustive Search",
  "result": {
    "series_id": 3151,
    "tries": 254123,
    "rank": 254123,
    "total_combinations": 4457400,
    "percentile": 5.701148651680351,
    "time_seconds": 1.668066,
    "rate": 152345.8903904282,
    "ml_score": 11.36387126163939,
    "combination": [
      1,
      2,
      4,
      5,
      6,
      8,
      9,
      11,
      13,
      14,
      15,
      20,
      21,
      25
    ],
    "event_number": 4,
    "found": true
  }
}