{
  "test_date": "2025-11-20 20:21:31",
  "series_id": 3151,
  "method": "ML-Weighted Generation",
  "tries_to_jackpot": 1933375,
  "time_seconds": 65.723273,
  "processing_rate": 29416.900768164724,
  "jackpot_combination": [
    1,
    3,
    4,
    6,
    8,
    9,
    10,
    16,
    18,
    20,
    22,
    23,
    24,
    25
  ],
  "comparison": {
    "pure_random_tries": 285368,
    "ml_weighted_tries": 1933375,
    "difference": 1648007,
    "improvement_pct": -577.5023828880603
  }
}