{
  "validation_window": [
    3140,
    3141,
    3142,
    3143,
    3144,
    3145
  ],
  "results": [
    {
      "series_id": 3140,
      "predictions": [
        [
          1,
          2,
          3,
          4,
          5,
          6,
          9,
          10,
          12,
          18,
          19,
          22,
          23,
          25
        ],
        [
          1,
          2,
          3,
          5,
          9,
          10,
          14,
          16,
          19,
          20,
          21,
          22,
          23,
          25
        ],
        [
          1,
          2,
          3,
          4,
          5,
          6,
          9,
          10,
          12,
          13,
          17,
          20,
          22,
          23
        ]
      ],
      "individual_results": [
        {
          "prediction_num": 1,
          "best_match": 0.7142857142857143,
          "avg_match": 0.5816326530612246,
          "matches": [
            0.5714285714285714,
            0.5,
            0.42857142857142855,
            0.6428571428571429,
            0.5714285714285714,
            0.7142857142857143,
            0.6428571428571429
          ]
        },
        {
          "prediction_num": 2,
          "best_match": 0.7142857142857143,
          "avg_match": 0.5408163265306122,
          "matches": [
            0.5,
            0.35714285714285715,
            0.5714285714285714,
            0.5,
            0.7142857142857143,
            0.5714285714285714,
            0.5714285714285714
          ]
        },
        {
          "prediction_num": 3,
          "best_match": 0.7142857142857143,
          "avg_match": 0.5204081632653061,
          "matches": [
            0.5,
            0.42857142857142855,
            0.5,
            0.42857142857142855,
            0.5714285714285714,
            0.7142857142857143,
            0.5
          ]
        }
      ],
      "best_prediction_num": 1,
      "best_match": 0.7142857142857143,
      "best_avg_match": 0.5816326530612246,
      "top1_best": 0.7142857142857143,
      "improvement_over_top1": 0.0
    },
    {
      "series_id": 3141,
      "predictions": [
        [
          1,
          2,
          4,
          5,
          9,
          10,
          14,
          16,
          19,
          20,
          21,
          22,
          23,
          25
        ],
        [
          1,
          2,
          4,
          5,
          8,
          10,
          15,
          16,
          19,
          20,
          21,
          22,
          23,
          25
        ],
        [
          1,
          2,
          4,
          7,
          9,
          10,
          13,
          16,
          19,
          20,
          21,
          22,
          23,
          25
        ]
      ],
      "individual_results": [
        {
          "prediction_num": 1,
          "best_match": 0.7142857142857143,
          "avg_match": 0.6326530612244898,
          "matches": [
            0.5714285714285714,
            0.5714285714285714,
            0.7142857142857143,
            0.7142857142857143,
            0.5714285714285714,
            0.6428571428571429,
            0.6428571428571429
          ]
        },
        {
          "prediction_num": 2,
          "best_match": 0.7142857142857143,
          "avg_match": 0.5714285714285714,
          "matches": [
            0.5714285714285714,
            0.5714285714285714,
            0.7142857142857143,
            0.5714285714285714,
            0.5,
            0.5714285714285714,
            0.5
          ]
        },
        {
          "prediction_num": 3,
          "best_match": 0.6428571428571429,
          "avg_match": 0.5918367346938777,
          "matches": [
            0.5714285714285714,
            0.5714285714285714,
            0.5714285714285714,
            0.6428571428571429,
            0.6428571428571429,
            0.5,
            0.6428571428571429
          ]
        }
      ],
      "best_prediction_num": 1,
      "best_match": 0.7142857142857143,
      "best_avg_match": 0.6326530612244898,
      "top1_best": 0.7142857142857143,
      "improvement_over_top1": 0.0
    },
    {
      "series_id": 3142,
      "predictions": [
        [
          1,
          2,
          3,
          5,
          9,
          10,
          13,
          17,
          19,
          20,
          22,
          23,
          24,
          25
        ],
        [
          1,
          2,
          5,
          6,
          9,
          10,
          13,
          16,
          19,
          20,
          22,
          23,
          24,
          25
        ],
        [
          1,
          2,
          5,
          6,
          8,
          9,
          10,
          13,
          14,
          19,
          20,
          22,
          24,
          25
        ]
      ],
      "individual_results": [
        {
          "prediction_num": 1,
          "best_match": 0.5714285714285714,
          "avg_match": 0.4795918367346938,
          "matches": [
            0.5714285714285714,
            0.5714285714285714,
            0.5,
            0.42857142857142855,
            0.5,
            0.35714285714285715,
            0.42857142857142855
          ]
        },
        {
          "prediction_num": 2,
          "best_match": 0.6428571428571429,
          "avg_match": 0.5306122448979592,
          "matches": [
            0.6428571428571429,
            0.6428571428571429,
            0.5714285714285714,
            0.5714285714285714,
            0.6428571428571429,
            0.35714285714285715,
            0.2857142857142857
          ]
        },
        {
          "prediction_num": 3,
          "best_match": 0.6428571428571429,
          "avg_match": 0.5510204081632653,
          "matches": [
            0.6428571428571429,
            0.5714285714285714,
            0.5,
            0.5714285714285714,
            0.6428571428571429,
            0.5,
            0.42857142857142855
          ]
        }
      ],
      "best_prediction_num": 2,
      "best_match": 0.6428571428571429,
      "best_avg_match": 0.5306122448979592,
      "top1_best": 0.5714285714285714,
      "improvement_over_top1": 0.07142857142857151
    },
    {
      "series_id": 3143,
      "predictions": [
        [
          1,
          2,
          3,
          5,
          9,
          10,
          13,
          17,
          19,
          20,
          22,
          23,
          24,
          25
        ],
        [
          1,
          2,
          5,
          6,
          9,
          10,
          12,
          13,
          19,
          20,
          21,
          22,
          23,
          25
        ],
        [
          1,
          2,
          5,
          6,
          9,
          10,
          13,
          16,
          19,
          20,
          22,
          23,
          24,
          25
        ]
      ],
      "individual_results": [
        {
          "prediction_num": 1,
          "best_match": 0.5714285714285714,
          "avg_match": 0.4795918367346938,
          "matches": [
            0.42857142857142855,
            0.42857142857142855,
            0.42857142857142855,
            0.5,
            0.5714285714285714,
            0.5,
            0.5
          ]
        },
        {
          "prediction_num": 2,
          "best_match": 0.6428571428571429,
          "avg_match": 0.5408163265306122,
          "matches": [
            0.42857142857142855,
            0.42857142857142855,
            0.5714285714285714,
            0.5,
            0.6428571428571429,
            0.5714285714285714,
            0.6428571428571429
          ]
        },
        {
          "prediction_num": 3,
          "best_match": 0.6428571428571429,
          "avg_match": 0.5306122448979591,