{
  "series_id": 3153,
  "method": "Original Multi-Signal (Validated)",
  "validation_baseline": {
    "series_tested": "3140-3151",
    "mean_peak": 8.75,
    "best_peak": 10,
    "std_dev": 0.83
  },
  "prediction": {
    "primary": [
      1,
      2,
      6,
      8,
      9,
      10,
      12,
      13,
      19,
      20,
      21,
      23,
      24,
      25
    ],
    "alternative_top14": [
      10,
      9,
      13,
      24,
      1,
      8,
      19,
      20,
      23,
      21,
      25,
      2,
      6,
      12
    ],
    "composite_score": 218.1937912087912,
    "score_breakdown": {
      "global": 690.7857142857143,
      "recent": 20.285714285714285,
      "pattern": 0.7857142857142857,
      "distribution": 0.6,
      "pair_affinity": 381.8021978021978
    }
  },
  "expected_performance": {
    "most_likely": "8-9/14 (57-64%)",
    "good": "10/14 (71%)",
    "exceptional": "11+/14 (>79%)"
  },
  "training_data": {
    "historical_series": "2980-3152 (173 series)",
    "recent_focus": [
      3148,
      3149,
      3150,
      3151,
      3152
    ],
    "top_16_pool": [
      10,
      9,
      13,
      24,
      1,
      8,
      19,
      20,
      23,
      21,
      25,
      2,
      6,
      12,
      3,
      22
    ]
  }
}