{
  "series_id": 3148,
  "method": "mandel_ml_guided_exhaustive",
  "model": "TrueLearningModel-Phase1-Optimized",
  "top_n_selected": 18,
  "selected_numbers": [
    1,
    2,
    3,
    5,
    8,
    9,
    10,
    12,
    13,
    14,
    18,
    19,
    20,
    21,
    22,
    23,
    24,
    25
  ],
  "mandel_pool_size": 3060,
  "reduction_vs_total": "99.9%",
  "seed": 999,
  "cold_hot_boost": 30.0,
  "lookback_window": 8,
  "training_series_count": 177,
  "prediction": [
    1,
    2,
    3,
    8,
    9,
    10,
    13,
    19,
    20,
    21,
    22,
    23,
    24,
    25
  ],
  "prediction_formatted": "01 02 03 08 09 10 13 19 20 21 22 23 24 25",
  "ml_score": 359198.9428571437,
  "scoring_time_seconds": 0.44545698165893555,
  "scoring_rate": 6869.350186417981,
  "comparison_to_full_exhaustive": {
    "mandel_pool": 3060,
    "full_exhaustive": 4457400,
    "speedup": "1456.7x faster"
  }
}