{
  "series_id": 3146,
  "actual_results": [
    [
      3,
      4,
      5,
      6,
      7,
      9,
      11,
      13,
      14,
      17,
      18,
      20,
      23,
      25
    ],
    [
      1,
      2,
      3,
      4,
      7,
      8,
      9,
      11,
      12,
      13,
      17,
      18,
      21,
      24
    ],
    [
      3,
      4,
      7,
      8,
      10,
      11,
      12,
      13,
      16,
      17,
      18,
      19,
      20,
      22
    ],
    [
      1,
      2,
      5,
      6,
      7,
      9,
      10,
      12,
      15,
      17,
      21,
      23,
      24,
      25
    ],
    [
      1,
      3,
      4,
      6,
      7,
      8,
      10,
      12,
      13,
      16,
      17,
      19,
      21,
      22
    ],
    [
      3,
      4,
      6,
      7,
      8,
      12,
      14,
      15,
      16,
      17,
      18,
      19,
      21,
      22
    ],
    [
      1,
      6,
      7,
      9,
      10,
      12,
      13,
      14,
      16,
      17,
      18,
      22,
      24,
      25
    ]
  ],
  "predictions": {
    "csharp": {
      "prediction": [
        1,
        3,
        4,
        6,
        7,
        9,
        10,
        11,
        12,
        13,
        15,
        16,
        21,
        24
      ],
      "best_match": 0.7142857142857143,
      "avg_accuracy": 0.6224489795918368,
      "event_results": [
        {
          "event": 1,
          "matches": 7,
          "accuracy": 0.5,
          "matched_numbers": [
            3,
            4,
            6,
            7,
            9,
            11,
            13
          ]
        },
        {
          "event": 2,
          "matches": 10,
          "accuracy": 0.7142857142857143,
          "matched_numbers": [
            1,
            3,
            4,
            7,
            9,
            11,
            12,
            13,
            21,
            24
          ]
        },
        {
          "event": 3,
          "matches": 8,
          "accuracy": 0.5714285714285714,
          "matched_numbers": [
            3,
            4,
            7,
            10,
            11,
            12,
            13,
            16
          ]
        },
        {
          "event": 4,
          "matches": 9,
          "accuracy": 0.6428571428571429,
          "matched_numbers": [
            1,
            6,
            7,
            9,
            10,
            12,
            15,
            21,
            24
          ]
        },
        {
          "event": 5,
          "matches": 10,
          "accuracy": 0.7142857142857143,
          "matched_numbers": [
            1,
            3,
            4,
            6,
            7,
            10,
            12,
            13,
            16,
            21
          ]
        },
        {
          "event": 6,
          "matches": 8,
          "accuracy": 0.5714285714285714,
          "matched_numbers": [
            3,
            4,
            6,
            7,
            12,
            15,
            16,
            21
          ]
        },
        {
          "event": 7,
          "matches": 9,
          "accuracy": 0.6428571428571429,
          "matched_numbers": [
            1,
            6,
            7,
            9,
            10,
            12,
            13,
            16,
            24
          ]
        }
      ]
    },
    "python_optimized": {
      "prediction": [
        1,
        2,
        3,
        5,
        9,
        10,
        14,
        16,
        19,
        21,
        22,
        23,
        24,
        25
      ],
      "best_match": 0.6428571428571429,
      "avg_accuracy": 0.4795918367346938,
      "event_results": [
        {
          "event": 1,
          "matches": 6,
          "accuracy": 0.42857142857142855,
          "matched_numbers": [
            3,
            5,
            9,
            14,
            23,
            25
          ]
        },
        {
          "event": 2,
          "matches": 6,
          "accuracy": 0.42857142857142855,
          "matched_numbers": [
            1,
            2,
            3,
            9,
            21,
            24
          ]
        },
        {
          "event": 3,
          "matches": 5,
          "accuracy": 0.35714285714285715,
          "matched_numbers": [
            3,
            10,
            16,
            19,
            22
          ]
        },
        {
          "event": 4,
          "matches": 9,
          "accuracy": 0.6428571428571429,
          "matched_numbers": [
            1,
            2,
            5,
            9,
            10,
            21,
            23,
            24,
            25
          ]
        },
        {
          "event": 5,
          "matches": 7,
          "accuracy": 0.5,
          "matched_numbers": [
            1,
            3,
            10,
            16,
            19,
            21,
            22
          ]
        },
        {
          "event": 6,
          "matches": 6,
          "accuracy": 0.42857142857142855,
          "matched_numbers": [
            3,
            14,
            16,
            19,
            21,
            22
          ]
        },
        {
          "event": 7,
          "matches": 8,
          "accuracy": 0.5714285714285714,
          "matched_numbers": [
            1,
            9,
            10,
            14,
            16,
            22,
            24,
            25
          ]
        }
      ]
    }
  },
  "frequency_analysis": {
    "top_14": [
      [
        7,
        7
      ],
      [
        17,
        7
      ],
      [
        12,
        6
      ],
      [
        3,
        5
      ],
      [
        4,
        5
      ],
      [
        6,
        5
      ],
      [
        13,
        5
      ],
      [
        18,
        5
      ],
      [
        9,
        4
      ],
      [
        1,
        4
      ],
      [
        8,
        4
      ],
      [
        21,
        4
      ],
      [
        10,
        4
      ],
      [
        16,
        4
      ]
    ],
    "csharp_captured": 11,
    "python_captured": 6
  }
}