{
  "test_date": "2025-11-20 20:05:46",
  "series_id": 3151,
  "tries_to_jackpot": 285368,
  "time_seconds": 4.216649,
  "processing_rate": 67676.48907936136,
  "jackpot_combination": [
    2,
    4,
    7,
    13,
    14,
    15,
    16,
    17,
    18,
    20,
    21,
    23,
    24,
    25
  ]
}