{
  "n_bootstrap": 10000,
  "seed": 42,
  "n_series": 191,
  "mean": 10.219895287958115,
  "median": 10.0,
  "std": 0.7209803191187866,
  "se_mean": 0.051845639380356766,
  "ci_bca_mean": [
    10.115183246073299,
    10.319371727748692
  ],
  "ci_percentile_mean": [
    10.115183246073299,
    10.324607329842932
  ],
  "prediction_interval": [
    8.79406902555105,
    11.645721550365181
  ],
  "effect_size": 3.3009157460316345,
  "p_value": 2.6247936595648018e-104,
  "improvement_pct": 30.35580724436372,
  "bca_z0": -0.05090653259904658,
  "bca_a": 0.0018365427559471808
}