{
  "event_stats": {
    "1": {
      "mean": 9.603092783505154,
      "max": 12,
      "at_11plus": 22,
      "at_12plus": 2,
      "at_13plus": 0,
      "scores_12plus": [
        {
          "series": 3114,
          "score": 12,
          "event": 3
        },
        {
          "series": 3125,
          "score": 12,
          "event": 1
        }
      ],
      "scores_13plus": []
    },
    "2": {
      "mean": 9.438144329896907,
      "max": 11,
      "at_11plus": 14,
      "at_12plus": 0,
      "at_13plus": 0,
      "scores_12plus": [],
      "scores_13plus": []
    },
    "3": {
      "mean": 9.463917525773196,
      "max": 12,
      "at_11plus": 17,
      "at_12plus": 2,
      "at_13plus": 0,
      "scores_12plus": [
        {
          "series": 2998,
          "score": 12,
          "event": 7
        },
        {
          "series": 3134,
          "score": 12,
          "event": 4
        }
      ],
      "scores_13plus": []
    },
    "4": {
      "mean": 9.572164948453608,
      "max": 11,
      "at_11plus": 25,
      "at_12plus": 0,
      "at_13plus": 0,
      "scores_12plus": [],
      "scores_13plus": []
    },
    "5": {
      "mean": 9.443298969072165,
      "max": 11,
      "at_11plus": 12,
      "at_12plus": 0,
      "at_13plus": 0,
      "scores_12plus": [],
      "scores_13plus": []
    },
    "6": {
      "mean": 9.515463917525773,
      "max": 13,
      "at_11plus": 18,
      "at_12plus": 1,
      "at_13plus": 1,
      "scores_12plus": [
        {
          "series": 3061,
          "score": 13,
          "event": 6
        }
      ],
      "scores_13plus": [
        {
          "series": 3061,
          "score": 13,
          "event": 6
        }
      ]
    },
    "7": {
      "mean": 9.474226804123711,
      "max": 12,
      "at_11plus": 17,
      "at_12plus": 2,
      "at_13plus": 0,
      "scores_12plus": [
        {
          "series": 3004,
          "score": 12,
          "event": 3
        },
        {
          "series": 3072,
          "score": 12,
          "event": 5
        }
      ],
      "scores_13plus": []
    }
  },
  "independence": {
    "2": {
      "mean_overlap_with_e1": 7.757731958762887,
      "std": 1.2787895062741035,
      "min": 5,
      "max": 11
    },
    "3": {
      "mean_overlap_with_e1": 7.814432989690721,
      "std": 1.3530230738947262,
      "min": 4,
      "max": 11
    },
    "4": {
      "mean_overlap_with_e1": 7.680412371134021,
      "std": 1.1743933876980746,
      "min": 4,
      "max": 10
    },
    "5": {
      "mean_overlap_with_e1": 7.804123711340206,
      "std": 1.2561902702134342,
      "min": 5,
      "max": 11
    },
    "6": {
      "mean_overlap_with_e1": 7.835051546391752,
      "std": 1.2273262769432245,
      "min": 5,
      "max": 11
    },
    "7": {
      "mean_overlap_with_e1": 7.850515463917525,
      "std": 1.2889827061904569,
      "min": 5,
      "max": 11
    }
  },
  "win_rates": {
    "5": 10,
    "3": 30,
    "2": 34,
    "1": 69,
    "4": 24,
    "7": 12,
    "6": 15
  },
  "ranking": [
    [
      6,
      121.31546391752578
    ],
    [
      1,
      31.803092783505154
    ],
    [
      7,
      31.174226804123712
    ],
    [
      3,
      31.163917525773194
    ],
    [
      4,
      12.072164948453608
    ],
    [
      2,
      10.838144329896908
    ],
    [
      5,
      10.643298969072166
    ]
  ]
}