{
  "event_stats": {
    "1": {
      "mean": 9.6,
      "max": 12,
      "at_11plus": 22,
      "at_12plus": 2,
      "at_13plus": 0,
      "scores_12plus": [
        {
          "series": 3114,
          "score": 12,
          "event": 3
        },
        {
          "series": 3125,
          "score": 12,
          "event": 1
        }
      ],
      "scores_13plus": []
    },
    "2": {
      "mean": 9.446153846153846,
      "max": 11,
      "at_11plus": 15,
      "at_12plus": 0,
      "at_13plus": 0,
      "scores_12plus": [],
      "scores_13plus": []
    },
    "3": {
      "mean": 9.461538461538462,
      "max": 12,
      "at_11plus": 17,
      "at_12plus": 2,
      "at_13plus": 0,
      "scores_12plus": [
        {
          "series": 2998,
          "score": 12,
          "event": 7
        },
        {
          "series": 3134,
          "score": 12,
          "event": 4
        }
      ],
      "scores_13plus": []
    },
    "4": {
      "mean": 9.569230769230769,
      "max": 11,
      "at_11plus": 25,
      "at_12plus": 0,
      "at_13plus": 0,
      "scores_12plus": [],
      "scores_13plus": []
    },
    "5": {
      "mean": 9.446153846153846,
      "max": 11,
      "at_11plus": 12,
      "at_12plus": 0,
      "at_13plus": 0,
      "scores_12plus": [],
      "scores_13plus": []
    },
    "6": {
      "mean": 9.517948717948718,
      "max": 13,
      "at_11plus": 18,
      "at_12plus": 1,
      "at_13plus": 1,
      "scores_12plus": [
        {
          "series": 3061,
          "score": 13,
          "event": 6
        }
      ],
      "scores_13plus": [
        {
          "series": 3061,
          "score": 13,
          "event": 6
        }
      ]
    },
    "7": {
      "mean": 9.476923076923077,
      "max": 12,
      "at_11plus": 17,
      "at_12plus": 2,
      "at_13plus": 0,
      "scores_12plus": [
        {
          "series": 3004,
          "score": 12,
          "event": 3
        },
        {
          "series": 3072,
          "score": 12,
          "event": 5
        }
      ],
      "scores_13plus": []
    }
  },
  "independence": {
    "2": {
      "mean_overlap_with_e1": 7.758974358974359,
      "std": 1.2756073848837959,
      "min": 5,
      "max": 11
    },
    "3": {
      "mean_overlap_with_e1": 7.81025641025641,
      "std": 1.3507910763152926,
      "min": 4,
      "max": 11
    },
    "4": {
      "mean_overlap_with_e1": 7.6923076923076925,
      "std": 1.183081903942144,
      "min": 4,
      "max": 10
    },
    "5": {
      "mean_overlap_with_e1": 7.805128205128205,
      "std": 1.253026998406839,
      "min": 5,
      "max": 11
    },
    "6": {
      "mean_overlap_with_e1": 7.835897435897436,
      "std": 1.2242159661164456,
      "min": 5,
      "max": 11
    },
    "7": {
      "mean_overlap_with_e1": 7.856410256410256,
      "std": 1.2882888178684078,
      "min": 5,
      "max": 11
    }
  },
  "win_rates": {
    "5": 10,
    "3": 30,
    "2": 35,
    "1": 69,
    "4": 24,
    "7": 12,
    "6": 15
  },
  "ranking": [
    [
      6,
      121.31794871794871
    ],
    [
      1,
      31.799999999999997
    ],
    [
      7,
      31.176923076923075
    ],
    [
      3,
      31.161538461538463
    ],
    [
      4,
      12.069230769230769
    ],
    [
      2,
      10.946153846153846
    ],
    [
      5,
      10.646153846153847
    ]
  ]
}