{
  "timestamp": "2026-01-17T20:57:39.754183",
  "config": {
    "series_range": [
      2981,
      3176
    ],
    "n_series": 196,
    "n_simulations": 10000,
    "seed": 42
  },
  "prediction": {
    "mean": 10.928571428571429,
    "std": 0.6102859818083951,
    "min": 10,
    "max": 13,
    "ci_95": [
      10.84237923465463,
      11.014763622488228
    ],
    "distribution": {
      "11": 125,
      "12": 27,
      "10": 43,
      "13": 1
    }
  },
  "random_baseline": {
    "theoretical_mean": 7.84,
    "theoretical_std": 1.257404734628698,
    "simulated_mean": 9.494854081632653,
    "simulated_std": 0.8103709462613802
  },
  "statistics": {
    "improvement": 3.088571428571429,
    "improvement_pct": 39.395043731778436,
    "t_statistic": 70.67105276299581,
    "p_value": 6.592776625739864e-141,
    "cohens_d": 3.125102026145521,
    "effect_size": "large",
    "percentile_rank": 100.0,
    "significant_001": true,
    "significant_005": true
  }
}