{
  "timestamp": "2026-01-12T10:55:43.368938",
  "config": {
    "series_range": [
      2981,
      3174
    ],
    "n_series": 194,
    "n_simulations": 10000,
    "seed": 42
  },
  "prediction": {
    "mean": 10.257731958762887,
    "std": 0.729048957040707,
    "min": 9,
    "max": 12,
    "ci_95": [
      10.154227755163634,
      10.361236162362141
    ],
    "distribution": {
      "10": 111,
      "12": 11,
      "11": 50,
      "9": 22
    }
  },
  "random_baseline": {
    "theoretical_mean": 7.84,
    "theoretical_std": 1.257404734628698,
    "simulated_mean": 9.495180412371134,
    "simulated_std": 0.8110458237831687
  },
  "statistics": {
    "improvement": 2.4177319587628876,
    "improvement_pct": 30.838417841363363,
    "t_statistic": 46.07126242242296,
    "p_value": 4.408035378154486e-106,
    "cohens_d": 2.3524297599468564,
    "effect_size": "large",
    "percentile_rank": 100.0,
    "significant_001": true,
    "significant_005": true
  }
}