{
  "timestamp": "2026-01-13T23:33:07.639454",
  "config": {
    "series_range": [
      2981,
      3174
    ],
    "n_series": 194,
    "n_simulations": 10000,
    "seed": 42
  },
  "prediction": {
    "mean": 10.75257731958763,
    "std": 0.6662857167858361,
    "min": 10,
    "max": 13,
    "ci_95": [
      10.657983709900009,
      10.84717092927525
    ],
    "distribution": {
      "10": 72,
      "11": 99,
      "12": 22,
      "13": 1
    }
  },
  "random_baseline": {
    "theoretical_mean": 7.84,
    "theoretical_std": 1.257404734628698,
    "simulated_mean": 9.495180412371134,
    "simulated_std": 0.8110458237831687
  },
  "statistics": {
    "improvement": 2.91257731958763,
    "improvement_pct": 37.150220913107525,
    "t_statistic": 60.728927932757905,
    "p_value": 9.83441441200669e-128,
    "cohens_d": 2.8945402367047635,
    "effect_size": "large",
    "percentile_rank": 100.0,
    "significant_001": true,
    "significant_005": true
  }
}