{
  "timestamp": "2026-01-10T23:23:40.060551",
  "config": {
    "series_range": [
      2981,
      3173
    ],
    "n_series": 193,
    "n_simulations": 10000,
    "seed": 42
  },
  "prediction": {
    "mean": 10.341968911917098,
    "std": 0.688281075151547,
    "min": 9,
    "max": 12,
    "ci_95": [
      10.243995228658683,
      10.439942595175513
    ],
    "distribution": {
      "10": 100,
      "11": 69,
      "9": 17,
      "12": 7
    }
  },
  "random_baseline": {
    "theoretical_mean": 7.84,
    "theoretical_std": 1.257404734628698,
    "simulated_mean": 9.495965803108808,
    "simulated_std": 0.8112379683653984
  },
  "statistics": {
    "improvement": 2.501968911917098,
    "improvement_pct": 31.91286877445278,
    "t_statistic": 50.36939042316767,
    "p_value": 1.302629817829561e-112,
    "cohens_d": 2.4683821209020795,
    "effect_size": "large",
    "percentile_rank": 100.0,
    "significant_001": true,
    "significant_005": true
  }
}