{
  "timestamp": "2026-01-17T21:20:57.730391",
  "config": {
    "series_range": [
      2981,
      3176
    ],
    "n_series": 196,
    "n_simulations": 10000,
    "seed": 42
  },
  "prediction": {
    "mean": 10.954081632653061,
    "std": 0.6085560640828652,
    "min": 10,
    "max": 13,
    "ci_95": [
      10.86813375928188,
      11.040029506024242
    ],
    "distribution": {
      "11": 126,
      "12": 29,
      "10": 40,
      "13": 1
    }
  },
  "random_baseline": {
    "theoretical_mean": 7.84,
    "theoretical_std": 1.257404734628698,
    "simulated_mean": 9.494854081632653,
    "simulated_std": 0.8103709462613802
  },
  "statistics": {
    "improvement": 3.114081632653061,
    "improvement_pct": 39.72042898792169,
    "t_statistic": 71.45731675485844,
    "p_value": 8.255162987988649e-142,
    "cohens_d": 3.152615778971865,
    "effect_size": "large",
    "percentile_rank": 100.0,
    "significant_001": true,
    "significant_005": true
  }
}