{
  "timestamp": "2026-01-13T21:37:33.105315",
  "config": {
    "series_range": [
      2981,
      3174
    ],
    "n_series": 194,
    "n_simulations": 10000,
    "seed": 42
  },
  "prediction": {
    "mean": 10.618556701030927,
    "std": 0.6571305785766305,
    "min": 10,
    "max": 13,
    "ci_95": [
      10.525262860419215,
      10.71185054164264
    ],
    "distribution": {
      "10": 92,
      "11": 85,
      "12": 16,
      "13": 1
    }
  },
  "random_baseline": {
    "theoretical_mean": 7.84,
    "theoretical_std": 1.257404734628698,
    "simulated_mean": 9.495180412371134,
    "simulated_std": 0.8110458237831687
  },
  "statistics": {
    "improvement": 2.7785567010309276,
    "improvement_pct": 35.440774247843464,
    "t_statistic": 58.741663527808555,
    "p_value": 4.3556805076462134e-125,
    "cohens_d": 2.769647734150622,
    "effect_size": "large",
    "percentile_rank": 100.0,
    "significant_001": true,
    "significant_005": true
  }
}