{
  "Timestamp": "2025-09-24 13:21:51",
  "ModelType": "Dynamic Learning Model",
  "TrainingEpochs": 10,
  "TotalSamples": 10920,
  "Weights": {
    "1": 5.541321122879061,
    "2": 5.540863338688252,
    "3": 5.534562419370096,
    "4": 5.536010780540385,
    "5": 5.541542412810455,
    "6": 5.530593240172302,
    "7": 5.534593728760803,
    "8": 5.535472223059749,
    "9": 5.540931282658718,
    "10": 5.540963700847247,
    "11": 5.536113744821461,
    "12": 5.543957311153933,
    "13": 5.539632534065361,
    "14": 5.529253242278041,
    "15": 5.537770550472017,
    "16": 5.533979457440752,
    "17": 5.535800543114971,
    "18": 5.539214701752311,
    "19": 5.536588956609198,
    "20": 5.535885284049173,
    "21": 5.5340876404748665,
    "22": 5.542518133482079,
    "23": 5.5359775491677095,
    "24": 5.538292643311249,
    "25": 5.540150310395458
  },
  "LearningRates": {
    "1": 0.006561000000000002,
    "2": 0.006561000000000002,
    "3": 0.006561000000000002,
    "4": 0.006561000000000002,
    "5": 0.006561000000000002,
    "6": 0.006561000000000002,
    "7": 0.006561000000000002,
    "8": 0.006561000000000002,
    "9": 0.006561000000000002,
    "10": 0.006561000000000002,
    "11": 0.006561000000000002,
    "12": 0.006561000000000002,
    "13": 0.006561000000000002,
    "14": 0.006561000000000002,
    "15": 0.006561000000000002,
    "16": 0.006561000000000002,
    "17": 0.006561000000000002,
    "18": 0.006561000000000002,
    "19": 0.006561000000000002,
    "20": 0.006561000000000002,
    "21": 0.006561000000000002,
    "22": 0.006561000000000002,
    "23": 0.006561000000000002,
    "24": 0.006561000000000002,
    "25": 0.006561000000000002
  },
  "Analysis": {
    "ModelType": "Dynamic Learning Model (No Hard-coding)",
    "TrainingEpochs": 10,
    "TotalSamples": 10920,
    "FinalLearningRate": 0.006561000000000002,
    "TopWeights": {
      "12": 5.543957311153933,
      "22": 5.542518133482079,
      "5": 5.541542412810455,
      "1": 5.541321122879061,
      "10": 5.540963700847247,
      "9": 5.540931282658718,
      "2": 5.540863338688252,
      "25": 5.540150310395458,
      "13": 5.539632534065361,
      "18": 5.539214701752311,
      "24": 5.538292643311249,
      "15": 5.537770550472017,
      "19": 5.536588956609198,
      "11": 5.536113744821461,
      "4": 5.536010780540385
    },
    "BottomWeights": {
      "14": 5.529253242278041,
      "6": 5.530593240172302,
      "16": 5.533979457440752,
      "21": 5.5340876404748665,
      "3": 5.534562419370096,
      "7": 5.534593728760803,
      "8": 5.535472223059749,
      "17": 5.535800543114971,
      "20": 5.535885284049173,
      "23": 5.5359775491677095
    },
    "WeightRange": "5,529 - 5,544"
  }
}