{
  "Timestamp": "2025-09-26 12:56:19",
  "ModelType": "Dynamic Learning Model",
  "TrainingEpochs": 215709,
  "TotalSamples": 706662684,
  "Weights": {
    "1": 9.999999994103733,
    "2": 9.999999950511702,
    "3": 9.999999991105348,
    "4": 9.999999981372344,
    "5": 9.999999975124734,
    "6": 10,
    "7": 10,
    "8": 9.999999989561136,
    "9": 10,
    "10": 10,
    "11": 9.999999979297453,
    "12": 9.999999991705952,
    "13": 9.9999999927419,
    "14": 9.999999990978774,
    "15": 9.999999959436144,
    "16": 10,
    "17": 10,
    "18": 9.999999991667304,
    "19": 10,
    "20": 9.99999999233898,
    "21": 9.999999980130484,
    "22": 9.9999999846405,
    "23": 10,
    "24": 10,
    "25": 9.999999975613717
  },
  "LearningRates": {
    "1": 4.1345263671720786E-06,
    "2": 4.1345263671720786E-06,
    "3": 4.1345263671720786E-06,
    "4": 4.1345263671720786E-06,
    "5": 4.1345263671720786E-06,
    "6": 4.1345263671720786E-06,
    "7": 4.1345263671720786E-06,
    "8": 4.1345263671720786E-06,
    "9": 4.1345263671720786E-06,
    "10": 4.1345263671720786E-06,
    "11": 4.1345263671720786E-06,
    "12": 4.1345263671720786E-06,
    "13": 4.1345263671720786E-06,
    "14": 4.1345263671720786E-06,
    "15": 4.1345263671720786E-06,
    "16": 4.1345263671720786E-06,
    "17": 4.1345263671720786E-06,
    "18": 4.1345263671720786E-06,
    "19": 4.1345263671720786E-06,
    "20": 4.1345263671720786E-06,
    "21": 4.1345263671720786E-06,
    "22": 4.1345263671720786E-06,
    "23": 4.1345263671720786E-06,
    "24": 4.1345263671720786E-06,
    "25": 4.1345263671720786E-06
  },
  "BaseLearningRate": 4.1345263671720786E-06,
  "Analysis": {
    "ModelType": "Dynamic Learning Model (No Hard-coding)",
    "TrainingEpochs": 215709,
    "TotalSamples": 706662684,
    "FinalLearningRate": 4.1345263671720786E-06,
    "TopWeights": {
      "6": 10,
      "7": 10,
      "9": 10,
      "10": 10,
      "16": 10,
      "17": 10,
      "19": 10,
      "23": 10,
      "24": 10,
      "1": 9.999999994103733,
      "13": 9.9999999927419,
      "20": 9.99999999233898,
      "12": 9.999999991705952,
      "18": 9.999999991667304,
      "3": 9.999999991105348
    },
    "BottomWeights": {
      "2": 9.999999950511702,
      "15": 9.999999959436144,
      "5": 9.999999975124734,
      "25": 9.999999975613717,
      "11": 9.999999979297453,
      "21": 9.999999980130484,
      "4": 9.999999981372344,
      "22": 9.9999999846405,
      "8": 9.999999989561136,
      "14": 9.999999990978774
    },
    "WeightRange": "10,000 - 10,000"
  }
}