{
  "Timestamp": "2025-09-26 20:11:52",
  "ModelType": "Dynamic Learning Model",
  "TrainingEpochs": 216454,
  "TotalSamples": 709103304,
  "Weights": {
    "1": 9.99999938376587,
    "2": 10,
    "3": 9.999998320080904,
    "4": 9.999998452025173,
    "5": 9.999998737115131,
    "6": 10,
    "7": 9.999996192849558,
    "8": 10,
    "9": 10,
    "10": 9.999999583826723,
    "11": 10,
    "12": 9.99999958548892,
    "13": 9.999999420720478,
    "14": 9.999999120222546,
    "15": 10,
    "16": 10,
    "17": 9.999999791906683,
    "18": 10,
    "19": 10,
    "20": 9.999998372252946,
    "21": 10,
    "22": 9.999998059784284,
    "23": 10,
    "24": 9.999996201143611,
    "25": 9.999998585279917
  },
  "LearningRates": {
    "1": 1.1479277254357164E-06,
    "2": 1.1864609091382755E-06,
    "3": 1.1734748991126916E-06,
    "4": 1.2068134285659809E-06,
    "5": 1.1746495486613528E-06,
    "6": 1.1513784076748966E-06,
    "7": 1.2560895571915532E-06,
    "8": 1.1229367273389568E-06,
    "9": 1.161792815921171E-06,
    "10": 1.1641198915844481E-06,
    "11": 1.2116527745931052E-06,
    "12": 1.1594703920821444E-06,
    "13": 1.1548394626994463E-06,
    "14": 1.1479277254357164E-06,
    "15": 1.2473232642527155E-06,
    "16": 1.1924110522069379E-06,
    "17": 1.2104411218185122E-06,
    "18": 1.2336711057281716E-06,
    "19": 1.1173332618457818E-06,
    "20": 1.1652851767612093E-06,
    "21": 1.1559954581576039E-06,
    "22": 1.1746495486613528E-06,
    "23": 1.1652851767612093E-06,
    "24": 1.1387763814048809E-06,
    "25": 1.13196078200372E-06
  },
  "BaseLearningRate": 1.6515374385013564E-05,
  "Analysis": {
    "ModelType": "Dynamic Learning Model (No Hard-coding)",
    "TrainingEpochs": 216454,
    "TotalSamples": 709103304,
    "FinalLearningRate": 1.6515374385013564E-05,
    "TopWeights": {
      "2": 10,
      "6": 10,
      "8": 10,
      "9": 10,
      "11": 10,
      "15": 10,
      "16": 10,
      "18": 10,
      "19": 10,
      "21": 10,
      "23": 10,
      "17": 9.999999791906683,
      "12": 9.99999958548892,
      "10": 9.999999583826723,
      "13": 9.999999420720478
    },
    "BottomWeights": {
      "7": 9.999996192849558,
      "24": 9.999996201143611,
      "22": 9.999998059784284,
      "3": 9.999998320080904,
      "20": 9.999998372252946,
      "4": 9.999998452025173,
      "25": 9.999998585279917,
      "5": 9.999998737115131,
      "14": 9.999999120222546,
      "1": 9.99999938376587
    },
    "WeightRange": "10,000 - 10,000"
  }
}