{
  "Timestamp": "2025-09-24 17:12:41",
  "ModelType": "Dynamic Learning Model",
  "TrainingEpochs": 35,
  "TotalSamples": 114660,
  "Weights": {
    "1": 9.99976556159017,
    "2": 9.999752181150905,
    "3": 10,
    "4": 9.999780876918656,
    "5": 10,
    "6": 9.99988792838938,
    "7": 9.99948785498571,
    "8": 9.999900753800787,
    "9": 10,
    "10": 9.999794644715536,
    "11": 9.999894508103019,
    "12": 9.999828427719578,
    "13": 10,
    "14": 9.999791365231097,
    "15": 10,
    "16": 9.99992552791064,
    "17": 9.999654267270671,
    "18": 9.999911315174284,
    "19": 10,
    "20": 9.99990752222411,
    "21": 10,
    "22": 10,
    "23": 9.999905747451916,
    "24": 9.999419480308942,
    "25": 10
  },
  "LearningRates": {
    "1": 0.00022058370177353495,
    "2": 0.00021816937683400364,
    "3": 0.0002149196449961418,
    "4": 0.00021838776459860224,
    "5": 0.00021535012990582354,
    "6": 0.0002239190780188277,
    "7": 0.00023944368418303194,
    "8": 0.00021664676512478227,
    "9": 0.00021427553060516873,
    "10": 0.0002050473029022835,
    "11": 0.0002302806395514422,
    "12": 0.00021214239202987448,
    "13": 0.00021108379937328202,
    "14": 0.00022191184862244994,
    "15": 0.000227077582543819,
    "16": 0.00022280171958144232,
    "17": 0.0002212467785902166,
    "18": 0.00023376264011964033,
    "19": 0.000213847193819489,
    "20": 0.00021556569560142496,
    "21": 0.00021427553060516873,
    "22": 0.00021904424040614367,
    "23": 0.0002197026895865372,
    "24": 0.00021129509446774977,
    "25": 0.00021150660106881858
  },
  "Analysis": {
    "ModelType": "Dynamic Learning Model (No Hard-coding)",
    "TrainingEpochs": 35,
    "TotalSamples": 114660,
    "FinalLearningRate": 0.0030735686772502355,
    "TopWeights": {
      "3": 10,
      "5": 10,
      "9": 10,
      "13": 10,
      "15": 10,
      "19": 10,
      "21": 10,
      "22": 10,
      "25": 10,
      "16": 9.99992552791064,
      "18": 9.999911315174284,
      "20": 9.99990752222411,
      "23": 9.999905747451916,
      "8": 9.999900753800787,
      "11": 9.999894508103019
    },
    "BottomWeights": {
      "24": 9.999419480308942,
      "7": 9.99948785498571,
      "17": 9.999654267270671,
      "2": 9.999752181150905,
      "1": 9.99976556159017,
      "4": 9.999780876918656,
      "14": 9.999791365231097,
      "10": 9.999794644715536,
      "12": 9.999828427719578,
      "6": 9.99988792838938
    },
    "WeightRange": "9,999 - 10,000"
  }
}