{
  "Timestamp": "2025-09-26 12:56:28",
  "ModelType": "Dynamic Learning Model",
  "TrainingEpochs": 215756,
  "TotalSamples": 706816656,
  "Weights": {
    "1": 10,
    "2": 10,
    "3": 9.999999999998922,
    "4": 9.999999999996188,
    "5": 10,
    "6": 10,
    "7": 10,
    "8": 9.999999999997554,
    "9": 9.999999999998979,
    "10": 9.999999999999176,
    "11": 9.999999999998403,
    "12": 9.999999999996758,
    "13": 10,
    "14": 10,
    "15": 9.999999999998634,
    "16": 9.999999999993955,
    "17": 9.999999999998936,
    "18": 9.999999999998309,
    "19": 9.999999999998272,
    "20": 9.99999999999725,
    "21": 9.999999999998952,
    "22": 9.99999999999462,
    "23": 10,
    "24": 9.999999999999561,
    "25": 10
  },
  "LearningRates": {
    "1": 2.1243919740439423E-12,
    "2": 2.431608996239E-12,
    "3": 2.1543577175716495E-12,
    "4": 2.419475243043833E-12,
    "5": 2.324559739129302E-12,
    "6": 2.336217487743639E-12,
    "7": 3.4859245275148245E-12,
    "8": 2.260343182125143E-12,
    "9": 2.0410525245876637E-12,
    "10": 1.7993087730852906E-12,
    "11": 2.652749649454307E-12,
    "12": 2.231134382680812E-12,
    "13": 2.076064686252399E-12,
    "14": 2.5132322849432662E-12,
    "15": 2.7308453555217246E-12,
    "16": 2.7693654650576414E-12,
    "17": 2.478274824786161E-12,
    "18": 2.628970179099541E-12,
    "19": 1.9926264850057804E-12,
    "20": 2.1265184925364786E-12,
    "21": 2.2423235998561204E-12,
    "22": 2.115907144004167E-12,
    "23": 2.0595141824591803E-12,
    "24": 2.0739886215661464E-12,
    "25": 2.0739886215661464E-12
  },
  "BaseLearningRate": 1.2707750737405307E-06,
  "Analysis": {
    "ModelType": "Dynamic Learning Model (No Hard-coding)",
    "TrainingEpochs": 215756,
    "TotalSamples": 706816656,
    "FinalLearningRate": 1.2707750737405307E-06,
    "TopWeights": {
      "1": 10,
      "2": 10,
      "5": 10,
      "6": 10,
      "7": 10,
      "13": 10,
      "14": 10,
      "23": 10,
      "25": 10,
      "24": 9.999999999999561,
      "10": 9.999999999999176,
      "9": 9.999999999998979,
      "21": 9.999999999998952,
      "17": 9.999999999998936,
      "3": 9.999999999998922
    },
    "BottomWeights": {
      "16": 9.999999999993955,
      "22": 9.99999999999462,
      "4": 9.999999999996188,
      "12": 9.999999999996758,
      "20": 9.99999999999725,
      "8": 9.999999999997554,
      "19": 9.999999999998272,
      "18": 9.999999999998309,
      "11": 9.999999999998403,
      "15": 9.999999999998634
    },
    "WeightRange": "10,000 - 10,000"
  }
}