{
  "Timestamp": "2025-09-24 17:15:04",
  "ModelType": "Dynamic Learning Model",
  "TrainingEpochs": 10,
  "TotalSamples": 10920,
  "Weights": {
    "1": 5.895206115623143,
    "2": 5.895425050272357,
    "3": 5.895226724585087,
    "4": 5.892866489482078,
    "5": 5.891725178408816,
    "6": 5.886997847023633,
    "7": 5.890057404895528,
    "8": 5.894379887348474,
    "9": 5.89463252484769,
    "10": 5.8980926536416085,
    "11": 5.894290892740048,
    "12": 5.896690604260806,
    "13": 5.891482502802211,
    "14": 5.890613222616003,
    "15": 5.897168899385574,
    "16": 5.888542461838154,
    "17": 5.893248903971843,
    "18": 5.8900016813269005,
    "19": 5.889295273317116,
    "20": 5.903319452069625,
    "21": 5.887934801241665,
    "22": 5.894128509624527,
    "23": 5.896616860311272,
    "24": 5.897002088770107,
    "25": 5.900774983890275
  },
  "LearningRates": {
    "1": 0.0081450625,
    "2": 0.0081450625,
    "3": 0.0081450625,
    "4": 0.0081450625,
    "5": 0.0081450625,
    "6": 0.0081450625,
    "7": 0.0081450625,
    "8": 0.0081450625,
    "9": 0.0081450625,
    "10": 0.0081450625,
    "11": 0.0081450625,
    "12": 0.0081450625,
    "13": 0.0081450625,
    "14": 0.0081450625,
    "15": 0.0081450625,
    "16": 0.0081450625,
    "17": 0.0081450625,
    "18": 0.0081450625,
    "19": 0.0081450625,
    "20": 0.0081450625,
    "21": 0.0081450625,
    "22": 0.0081450625,
    "23": 0.0081450625,
    "24": 0.0081450625,
    "25": 0.0081450625
  },
  "Analysis": {
    "ModelType": "Dynamic Learning Model (No Hard-coding)",
    "TrainingEpochs": 10,
    "TotalSamples": 10920,
    "FinalLearningRate": 0.0081450625,
    "TopWeights": {
      "20": 5.903319452069625,
      "25": 5.900774983890275,
      "10": 5.8980926536416085,
      "15": 5.897168899385574,
      "24": 5.897002088770107,
      "12": 5.896690604260806,
      "23": 5.896616860311272,
      "2": 5.895425050272357,
      "3": 5.895226724585087,
      "1": 5.895206115623143,
      "9": 5.89463252484769,
      "8": 5.894379887348474,
      "11": 5.894290892740048,
      "22": 5.894128509624527,
      "17": 5.893248903971843
    },
    "BottomWeights": {
      "6": 5.886997847023633,
      "21": 5.887934801241665,
      "16": 5.888542461838154,
      "19": 5.889295273317116,
      "18": 5.8900016813269005,
      "7": 5.890057404895528,
      "14": 5.890613222616003,
      "13": 5.891482502802211,
      "5": 5.891725178408816,
      "4": 5.892866489482078
    },
    "WeightRange": "5,887 - 5,903"
  }
}