{
  "series_id": 3150,
  "training_series": [
    3141,
    3142,
    3143,
    3144,
    3145,
    3146,
    3147,
    3148,
    3149
  ],
  "training_count": 9,
  "predictions": {
    "ml_weighted": [
      1,
      2,
      6,
      8,
      9,
      10,
      11,
      15,
      16,
      18,
      21,
      22,
      23,
      25
    ],
    "random_636771": [
      2,
      3,
      4,
      5,
      6,
      7,
      11,
      12,
      14,
      15,
      19,
      20,
      24,
      25
    ]
  },
  "overlap": 5,
  "common_numbers": [
    2,
    6,
    11,
    15,
    25
  ],
  "top_weights": {
    "11": 0.047619047619047616,
    "2": 0.046485260770975055,
    "7": 0.045351473922902494,
    "8": 0.045351473922902494,
    "15": 0.04421768707482993,
    "4": 0.04308390022675737,
    "6": 0.04308390022675737,
    "12": 0.04308390022675737,
    "13": 0.04308390022675737,
    "5": 0.04195011337868481
  }
}